<?xml version="1.0" encoding="UTF-8"?>
<!DOCTYPE suite SYSTEM "https://testng.org/testng-1.0.dtd">
<suite parallel="classes" name="Suite">
  <test thread-count="5" parallel="classes" name="Test">
    <classes>
      <class name="testcases.DuplicateLead"/>
      <class name="testcases.EditLead"/>
      <class name="testcases.CreateLead"/>
      <class name="testcases.DeleteLead"/>
      <class name="testcases.MergeLead"/>
    </classes>
  </test> <!-- Test -->
</suite> <!-- Suite -->
